{
    "copyright": "Confidential. All rights reserved. No part of this document may be provided to third parties or reproduced without the prior written consent of the appropriate Volkswagen AG department. This document is available to contracting parties solely via the appropriate Procurement department.\nThe English translation is believed to be accurate. In case of discrepancies, the German version is alone authoritative and controlling. \u00a9Volkswagen AG",
    "release": {
        "R1.000.20": {
            "viwi.service.apnmanagement": "1.3.0",
            "viwi.service.appconnectrouteguidanceactive": "0.1.0",
            "viwi.service.audiomanagement": "1.2.0",
            "viwi.service.auth": "1.7.0",
            "viwi.service.backendjobs": "0.5.0",
            "viwi.service.basicphonecall": "0.0.2",
            "viwi.service.capabilitiesmanagement": "1.1.0",
            "viwi.service.carglobal": "1.1.2",
            "viwi.service.cartohomeconfig": "0.1.0",
            "viwi.service.cdn": "1.5.5",
            "viwi.service.charisma": "1.1.0",
            "viwi.service.digitalkey": "0.0.3",
            "viwi.service.display": "0.0.2",
            "viwi.service.displaymanagement": "1.0.0",
            "viwi.service.door": "1.0.1",
            "viwi.service.driverassistance": "1.1.3",
            "viwi.service.drivingstate": "1.0.0",
            "viwi.service.drivingstatistic": "1.1.0",
            "viwi.service.eco": "1.0.1",
            "viwi.service.emergencywarning": "0.2.0",
            "viwi.service.energystorage": "1.1.0",
            "viwi.service.external": "1.1.0",
            "viwi.service.externalplaces": "1.0.0",
            "viwi.service.functionondemand": "0.3.0",
            "viwi.service.gearbox": "1.0.0",
            "viwi.service.gestures": "1.6.1",
            "viwi.service.guidance": "1.2.0",
            "viwi.service.hmiintegration": "1.0.1",
            "viwi.service.homeview": "1.0.1",
            "viwi.service.hvac": "2.4.0",
            "viwi.service.language": "0.1.1",
            "viwi.service.lighting": "1.3.1",
            "viwi.service.maintenance": "0.6.0",
            "viwi.service.maprenderer": "1.2.0",
            "viwi.service.mediacontent": "1.2.0",
            "viwi.service.mediaplayback": "1.1.3",
            "viwi.service.mirror": "1.1.0",
            "viwi.service.mobiledevicepairing": "0.1.0",
            "viwi.service.navdata": "1.1.1",
            "viwi.service.navsystem": "1.1.0",
            "viwi.service.notificationmanager": "0.3.0",
            "viwi.service.onlinekvs": "0.8.0",
            "viwi.service.onlineregistration": "1.1.1",
            "viwi.service.onlinestate": "1.3.0",
            "viwi.service.ownerverification": "1.2.3",
            "viwi.service.parking": "1.2.0",
            "viwi.service.persistence": "1.1.0",
            "viwi.service.phonemecontentnetwork": "1.2.0",
            "viwi.service.places": "1.1.7",
            "viwi.service.platformmonitor": "1.6.0",
            "viwi.service.privacysetup": "1.3.0",
            "viwi.service.propulsion": "1.3.0",
            "viwi.service.psodataexchange": "1.0.0",
            "viwi.service.radio": "1.5.0",
            "viwi.service.routing": "1.1.1",
            "viwi.service.sdars": "0.6.1",
            "viwi.service.seating": "0.3.0",
            "viwi.service.servicemanagement": "1.5.0",
            "viwi.service.softwareupdate": "1.5.0",
            "viwi.service.sourcemanager": "0.5.0",
            "viwi.service.speechactivationcontroller": "0.2.0",
            "viwi.service.television": "0.4.0",
            "viwi.service.televisioncontent": "0.2.0",
            "viwi.service.televisionplayback": "0.1.0",
            "viwi.service.time": "1.3.0",
            "viwi.service.tmwlanconfig": "0.1.0",
            "viwi.service.tokenmanagement": "1.2.0",
            "viwi.service.traffic": "1.1.4",
            "viwi.service.tripview": "1.1.3",
            "viwi.service.tts": "1.4.0",
            "viwi.service.unit": "1.1.0",
            "viwi.service.userimages": "0.2.0",
            "viwi.service.usermanagement": "0.6.0",
            "viwi.service.vehicleinformation": "1.5.0",
            "viwi.service.velocitythreshold": "0.1.0",
            "viwi.service.waveplayer": "1.4.0",
            "viwi.service.webappmanagement": "1.0.5",
            "viwi.service.window": "1.1.0"
        }
    },
    "compat": {}
}